﻿<?xml version="1.0" encoding="UTF-8"?>
<mixers>
<mixer mfr="Behringer" model="X32">
  <protocol>osc</protocol>
  <mutestyle>illuminated</mutestyle>
  <strip type="input" cnt="32" name="CH">
    <fader cmd="/ch/#/mix/fader" cmdtyp="level" range="0.0,1.0,1024" val="0"/>
    <mute cmd="/ch/#/mix/on" cmdtyp="enum" val="0"/>
    <scribble cmd="/ch/#/config/name" cmdtyp="string" text=""/>
  </strip>
   <strip type="auxin" cnt="6" name="AUX">
   </strip>
   <strip type="output" cnt="16" name="OUT">
    <mute cmd="/outputs/main/#/mix/on" cmdtyp="enum" val="0"/>
    <fader cmd="/ch/#/mix/fader" cmdtyp="level" range="0.0,1.0,1024" val="0"/>
   </strip>
   <commands>
    <fader cmd="/ch/##/mix/fader" cmdtyp="level" range="0.0,1.0,1024" val="0"/>
    <mute cmd="/ch/##/mix/on" cmdtyp="enum" val="0"/>
    <scribble cmd="/ch/##/config/name" cmdtyp="string" text=""/>
   </commands>
</mixer>
<mixer mfr="Yamaha" model="01V">
  <protocol>midi</protocol>
  <mutestyle>illuminated</mutestyle>
  <strip type="input" cnt="12" name="Ch">
    <fader cmd="B#,01,XX" cmdtyp="level" range="0,127" val="0"/>
    <mute cmd="B#.1C,XX" cmdtyp="enum" val="0"/>
    <scribble cmd="" cmdtyp="string" text=""/>
  </strip>
   <strip type="auxmaster" cnt="4" name="Aux">
    <mute cmd="B#,2D,XX" cmdtyp="enum" val="0"/>
    <fader cmd="B#,11,XX" cmdtyp="level" range="0,127" val="0"/>
   </strip>
   <strip type="output" cnt="2" name="Out">
    <mute cmd="B#,37,XX" cmdtyp="enum" val="0"/>
    <fader cmd="B#,1B,XX" cmdtyp="level" range="0,127" val="0"/>
   </strip>
</mixer>
<mixer mfr="Default" model="">
  <protocol>midi</protocol>
  <strip type="input" cnt="16" name="CH">
    <fader cmd="B#,01,XX" cmdtyp="level" range="0,127" val="0"/>
    <mute cmd="B#.1C,XX" cmdtyp="enum" val="0"/>
    <scribble cmd="" cmdtyp="string" text=""/>
  </strip>
   <strip type="output" cnt="2" name="OUT">
    <mute cmd="B#,37,XX" cmdtyp="enum" val="0"/>
    <fader cmd="B#,1B,XX" cmdtyp="level" range="0,127" val="0"/>
   </strip>
</mixer>
</mixers>