﻿<?xml version="1.0" encoding="UTF-8"?>
<mixermap charcount="44" auxcount="6">
	<input mixerid="0" chan="1" actor="Paul Reeves" char="Pauline"/>
	<input mixerid="0" chan="2" actor="Jon Merchant" char="Bob Cratchit"/>
	<input mixerid="0" chan="3" actor="Mitchell Jacobs" char="Tiny Tim"/>
	<input mixerid="0" chan="4" actor="Renee Merchant" char="Kathy Cratchit"/>
	<input mixerid="0" chan="5" actor="Shannon Drew" char="Mrs. Dilber"/>
	<input mixerid="0" chan="6" actor="Helen St. Cyr" char="Miss Dilber"/>
	<input mixerid="0" chan="7" actor="Annabelle Meszynski" char="Jollygoode"/>
	<input mixerid="0" chan="8" actor="Katie Sass" char="Harty"/>
	<input mixerid="0" chan="9" actor="Zac Barnaby" char="Fred/Nephew Harry"/>
	<input mixerid="0" chan="10" actor="Matt Katsigianis" char="Tom Jenkins"/>
	<input mixerid="0" chan="11" actor="Meghan McKnight" char="Mrs. Cratchit"/>
	<input mixerid="0" chan="12" actor="Izzy Unsworth" char="Penny/Peter Cratchit"/>
	<input mixerid="0" chan="13" actor="Emma Barnaby" char="Mrs. Pringle/Mr. P"/>
	<input mixerid="0" chan="14" actor="Hannah Garcia" char="Bissett the Butcher"/>
	<input mixerid="0" chan="15" actor="Hannah Cohen" char="Miss Pringle/Mrs. P"/>
	<input mixerid="0" chan="16" actor="Brynna Walsh" char="Punch-n-Judy Man"/>
	<input mixerid="0" chan="17" actor="Alyssa Saunders" char="Helen (Fred's Wife)"/>
	<input mixerid="0" chan="18" actor="Spencer Murray" char="Christmas Morning Bo"/>
	<input mixerid="0" chan="19" actor="Gabe Garcia" char="Jacob Marley"/>
	<input mixerid="0" chan="20" actor="Susannah Meszynski" char="Mrs. Carstairs"/>
	<input mixerid="0" chan="21" actor="Maddie Waris" char="Bess-Produce Vendor"/>
	<input mixerid="0" chan="22" actor="Naomi Cohen" char="Beggar Woman"/>
	<input mixerid="0" chan="23" actor="Wine Merchant-Act 1" char="Wine Merchant-Act 1"/>
	<input mixerid="0" chan="24" actor="Kacie Leach" char="School Teacher"/>
	<input mixerid="0" chan="25" actor="Kazi Fichera" char="Young Ebe"/>
	<input mixerid="0" chan="26" actor="Sophia Dube" char="Fan/Jenny"/>
	<input mixerid="0" chan="27" actor="Naomi Cohen" char="Beggar Woman"/>
	<input mixerid="0" chan="28" actor="Ben Grimm" char="Thing"/>
	<input mixerid="0" chan="29" actor="Matt Murdock" char="Daredevil"/>
	<input mixerid="0" chan="30" actor="James Howlett" char="Wolverine"/>
	<input mixerid="0" chan="31" actor="Naomi Cohen" char="Beggar Woman"/>
	<input mixerid="0" chan="32" actor="SFX" char="SOUND"/>
	<input mixerid="1" chan="1" actor="Clark Kent" char="Pauline"/>
	<input mixerid="1" chan="2" actor="Jonn Jonzz" char="Bob Cratchit"/>
	<input mixerid="1" chan="3" actor="Barry Adams" char="Flash"/>
	<input mixerid="1" chan="4" actor="Larel Lance" char="Kathy Cratchit"/>
	<input mixerid="1" chan="5" actor="Mari McCabe" char="Vixen"/>
	<input mixerid="1" chan="6" actor="Barbara Gordon" char="Batgirl"/>
	<input mixerid="1" chan="7" actor="Dinah Lance" char="Black Canary"/>
	<input mixerid="1" chan="8" actor="Garfield Logan" char="Beast Boy"/>
	<input mixerid="1" chan="9" actor="Victor Stone" char="Cyborg"/>
	<input mixerid="1" chan="10" actor="Ray Palmer" char="Atom"/>
	<input mixerid="1" chan="11" actor="Hal Jordan" char="Green Lantern"/>
	<input mixerid="1" chan="12" actor="Billy Batson" char="Shazam"/>
</mixermap>