﻿<?xml version="1.0" encoding="UTF-8"?>
<showconf>
<name>Perils of Pauline</name>
<mixers>
  <mixer id="0" mfr="Behringer" model="X32" address="192.168.53.40,10023"/><!--for udp the address tag is a comma separate pair "IP,PORT"-->
  <mixer id="1" mfr="Yamaha" model="01V" address ="2"/><!--for midi the address is simply  the address number "2"-->
</mixers>
<mixermap file="MixerMap.xml"/>
<!--<mixercues file="Pauline_cues_w_cuetypes-1.xml"/>-->
<!--<cuefile file="Pauline_cues_w_cuetypes.xml"/>-->
<cuefile file="TenCue.xml"/>
</showconf>