﻿<?xml version="1.0" encoding="UTF-8"?>
<show>
  <cue num="000">
    <Id>0</Id>
    <Act>0</Act>
    <Scene> 0</Scene>
    <Page>0</Page>
    <Title>Top of Show</Title>
    <CueCall>None</CueCall>
    <CueType>Stage,Mixer,Sound,SFX,Light</CueType>
    <Mutes>M0ch01:0,M0ch02:0,M0ch03:0,M0ch04:0,M0ch05:0,M0ch06:0,M0ch07:0,M0ch08:0,M0ch09:0,M0ch10:0,M0ch11:0,M0ch12:0,M0ch13:0,M0ch14:0,M0ch15:0,M0ch16:0,M0ch17:0,M0ch18:0,M0ch19:0,M0ch20:0,M0ch21:0,M0ch22:0,M0ch23:0,M0ch24:0,M0ch25:0,M0ch26:0,M0ch27:0,M0ch28:0,M0ch29:0,M0ch30:0,M0ch31:0,M0ch32:0,M0main01:1,M1ch01:0,M1ch02:0,M1ch03:0,M1ch04:0,M1ch05:0,M1ch06:0,M1ch07:0,M1ch08:0,M1ch09:0,M1ch10:0,M1ch11:0,M1ch12:0,M1ch13:0,M1ch14:0,M1aux01:0,M1bus01:0,M1out01:1</Mutes>
    <Entrances>M0main01,M1out01</Entrances>
    <Exits>M0ch01,M0ch02,M0ch03,M0ch04,M0ch05,M0ch06,M0ch07,M0ch08,M0ch09,M0ch10,M0ch11,M0ch12,M0ch13,M0ch14,M0ch15,M0ch16,M0ch17,M0ch18,M0ch19,M0ch20,M0ch21,M0ch22,M0ch23,M0ch24,M0ch25,M0ch26,M0ch27,M0ch28,M0ch29,M0ch30,M0ch31,M0ch32,M1ch01,M1ch02,M1ch03,M1ch04,M1ch05,M1ch06,M1ch07,M1ch08,M1ch09,M1ch10,M1ch11,M1ch12,M1ch13,M1ch14,M1aux01,M1bus01</Exits>
    <Levels>M0ch01:512,M0ch02:0,M0ch03:0,M0ch04:0,M0ch05:512,M0ch06:0,M0ch07:0,M0ch08:0,M0ch09:0,M0ch10:512,M0ch11:0,M0ch12:0,M0ch13:0,M0ch14:0,M0ch15:0,M0ch16:0,M0ch17:0,M0ch18:0,M0ch19:0,M0ch20:0,M0ch21:0,M0ch22:0,M0ch23:0,M0ch24:0,M0ch25:0,M0ch26:0,M0ch27:0,M0ch28:0,M0ch29:0,M0ch30:0,M0ch31:0,M0ch32:0,M0main01:512,M1ch01:512,M1ch02:0,M1ch03:0,M1ch04:0,M1ch05:512,M1ch06:0,M1ch07:0,M1ch08:0,M1ch09:0,M1ch10:512,M1ch11:0,M1ch12:0,M1ch13:0,M1ch14:0,M1aux01:0,M1bus01:0,M1out01:512</Levels>
    <OnStage/>
    <Note1/>
    <Note2/>
    <Note3/>
  </cue>
  <cue num="001">
    <Id>1A</Id>
    <Act>1</Act>
    <Scene> 1</Scene>
    <Page>1</Page>
    <Title>Pauline enters</Title>
    <CueCall>Lights up</CueCall>
    <CueType>Stage,Light</CueType>
    <Entrances>ch1</Entrances>
    <Exits/>
    <Levels>ch01:512,ch02:512,ch03:0,ch04:0,ch05:0,ch06:0,ch07:0,ch08:0,ch09:0,ch10:0,ch11:0,ch12:0,ch13:0,ch14:0,ch15:0,ch16:0,ch17:0,ch18:0,ch19:0,ch20:0,ch21:0,ch22:0,ch23:0,ch24:0,ch25:0,ch26:0,ch27:0,ch28:0,ch29:0,ch30:0,ch31:0,ch32:0</Levels>
    <OnStage>ch1</OnStage>
    <Note1/>
    <Note2/>
    <Note3/>
  </cue>
  <cue num="002">
    <Id>1B</Id>
    <Act>1</Act>
    <Scene> 1</Scene>
    <Page>1</Page>
    <Title>Top of show</Title>
    <CueCall>Church bells chime</CueCall>
    <CueType>Sound</CueType>
    <Entrances>ch10,ch2,ch4,ch5,ch6,ch7,ch8 </Entrances>
    <Exits>ch32</Exits>
    <OnStage>ch10,ch2,ch4,ch5,ch6,ch7,ch8 </OnStage>
    <Levels>M0ch01:64,M0ch02:128,M0ch03:194,M0ch04:256,M0ch05:320,M0ch06:384,M0ch07:448,M0ch08:512,M0ch09:576,M0ch10:640,M0ch11:704,M0ch12:768,M0ch13:832,M0ch14:896,M0ch15:960,M0ch16:1024,M0ch17:1024,M0ch18:960,M0ch19:896,M0ch20:832,M0ch21:768,M0ch22:704,M0ch23:640,M0ch24:576,M0ch25:512,M0ch26:448,M0ch27:384,M0ch28:320,M0ch29:256,M0ch30:194,M0ch31:128,M0ch32:64,M1ch01:64,M1ch02:128,M1ch03:194,M1ch04:256,M1ch05:320,M1ch06:384,M1ch07:448,M1ch08:512,M1ch09:576,M1ch10:640,M1ch11:704,M1ch12:768,M1ch13:832,M1ch14:896,M1aux01:960,M1bus01:1024</Levels>
    <Note1/>
    <Note2/>
    <Note3/>
  </cue>
  <cue num="003">
    <Id>2A</Id>
    <Act>1</Act>
    <Scene> 2</Scene>
    <Page>2</Page>
    <Title>end of "Opening"</Title>
    <CueCall>Song ends/scene change</CueCall>
    <CueType>Mixer</CueType>
    <Mutes>M0ch01:1,M0ch02:0,M0ch03:0,M0ch04:0,M0ch05:0,M0ch06:0,M0ch07:0,M0ch08:0,M0ch09:0,M0ch10:0,M0ch11:0,M0ch12:0,M0ch13:0,M0ch14:0,M0ch15:0,M0ch16:0,M0ch17:0,M0ch18:0,M0ch19:0,M0ch20:0,M0ch21:0,M0ch22:0,M0ch23:0,M0ch24:0,M0ch25:0,M0ch26:0,M0ch27:0,M0ch28:0,M0ch29:0,M0ch30:0,M0ch31:0,M0ch32:0,M0main01:1,M1ch01:1,M1ch02:0,M1ch03:0,M1ch04:0,M1ch05:0,M1ch06:0,M1ch07:0,M1ch08:0,M1ch09:0,M1ch10:0,M1ch11:0,M1ch12:0,M1ch13:0,M1ch14:0,M1aux01:0,M1bus01:0,M1out01:1</Mutes>
    <Entrances>M0ch01,M1ch01</Entrances>
    <Exits>M0ch10,M0ch02,M0ch04,M0ch05,M0ch06,M0ch07,M0ch08,M1ch10,M1ch02,M1ch04,M1ch05,M1ch06,M1ch07,M1ch08 </Exits>
    <OnStage/>
    <Levels>M0ch01:64,M0ch02:128,M0ch03:194,M0ch04:256,M0ch05:320,M0ch06:384,M0ch07:448,M0ch08:512,M0ch09:576,M0ch10:640,M0ch11:704,M0ch12:768,M0ch13:832,M0ch14:896,M0ch15:960,M0ch16:1024,M0ch17:1024,M0ch18:960,M0ch19:896,M0ch20:832,M0ch21:768,M0ch22:704,M0ch23:640,M0ch24:576,M0ch25:512,M0ch26:448,M0ch27:384,M0ch28:320,M0ch29:256,M0ch30:194,M0ch31:128,M0ch32:64,M1ch01:64,M1ch02:128,M1ch03:194,M1ch04:256,M1ch05:320,M1ch06:384,M1ch07:448,M1ch08:512,M1ch09:576,M1ch10:640,M1ch11:704,M1ch12:768,M1ch13:832,M1ch14:896,M1aux01:960,M1bus01:1024</Levels>
    <Note1/>
    <Note2/>
    <Note3/>
  </cue>
  <cue num="004">
    <Id>2B</Id>
    <Act>1</Act>
    <Scene> 2</Scene>
    <Page>2</Page>
    <Title>Scene 2</Title>
    <CueCall>Scene change ends</CueCall>
    <CueType>Mixer</CueType>
    <Mutes>M0ch01:0,M0ch02:0,M0ch03:0,M0ch04:0,M0ch05:0,M0ch06:0,M0ch07:0,M0ch08:0,M0ch09:0,M0ch10:0,M0ch11:0,M0ch12:0,M0ch13:0,M0ch14:0,M0ch15:0,M0ch16:0,M0ch17:0,M0ch18:0,M0ch19:0,M0ch20:0,M0ch21:0,M0ch22:0,M0ch23:0,M0ch24:0,M0ch25:0,M0ch26:0,M0ch27:0,M0ch28:0,M0ch29:0,M0ch30:0,M0ch31:0,M0ch32:0,M0main01:0,M1ch01:0,M1ch02:0,M1ch03:0,M1ch04:0,M1ch05:0,M1ch06:0,M1ch07:0,M1ch08:0,M1ch09:0,M1ch10:0,M1ch11:0,M1ch12:0,M1ch13:0,M1ch14:0,M1aux01:0,M1bus01:0,M1out01:0</Mutes>
    <Entrances>M0ch01 </Entrances>
    <Exits/>
    <OnStage>ch1 </OnStage>
    <Levels>M0ch01:812,M0ch02:812,M0ch03:0,M0ch04:0,M0ch05:0,M0ch06:0,M0ch07:0,M0ch08:0,M0ch09:0,M0ch10:0,M0ch11:0,M0ch12:0,M0ch13:0,M0ch14:0,M0ch15:0,M0ch16:0,M0ch17:0,M0ch18:0,M0ch19:0,M0ch20:0,M0ch21:0,M0ch22:0,M0ch23:0,M0ch24:0,M0ch25:0,M0ch26:0,M0ch27:0,M0ch28:0,M0ch29:0,M0ch30:0,M0ch31:0,M0ch32:0,M1ch01:812,M1ch02:812,M1ch03:0,M1ch04:0,M1ch05:0,M1ch06:0,M1ch07:0,M1ch08:0,M1ch09:0,M1ch10:0,M1ch11:0,M1ch12:0,M1ch13:0,M1ch14:0,M1aux01:0,M1bus01:0</Levels>
    <Note1/>
    <Note2/>
    <Note3/>
  </cue>
  <cue num="005">
    <Id>3A</Id>
    <Act>1</Act>
    <Scene> 2</Scene>
    <Page>3</Page>
    <Title>enter Nephew and Bob</Title>
    <CueCall>"leave a man in peace!"</CueCall>
    <CueType>Stage</CueType>
    <Entrances>ch2,ch9 </Entrances>
    <Exits/>
    <OnStage>ch1,ch2,ch9 </OnStage>
    <Note1/>
    <Note2/>
    <Note3/>
    <Levels/>
  </cue>
  <cue num="006">
    <Id>5A</Id>
    <Act>1</Act>
    <Scene> 3</Scene>
    <Page>5</Page>
    <Title>Nephew exits</Title>
    <CueCall>"A happy New Year!"</CueCall>
    <CueType>Mixer</CueType>
    <Mutes>M0ch01:1,M0ch02:1,M0ch03:1,M0ch04:1,M0ch05:1,M0ch06:0,M0ch07:0,M0ch08:0,M0ch09:0,M0ch10:0,M0ch11:0,M0ch12:0,M0ch13:0,M0ch14:0,M0ch15:0,M0ch16:0,M0ch17:0,M0ch18:0,M0ch19:0,M0ch20:0,M0ch21:0,M0ch22:0,M0ch23:0,M0ch24:0,M0ch25:0,M0ch26:0,M0ch27:0,M0ch28:0,M0ch29:0,M0ch30:0,M0ch31:0,M0ch32:0,M0main01:0,M1ch01:1,M1ch02:1,M1ch03:1,M1ch04:1,M1ch05:1,M1ch06:0,M1ch07:0,M1ch08:0,M1ch09:0,M1ch10:0,M1ch11:0,M1ch12:0,M1ch13:0,M1ch14:0,M1aux01:0,M1bus01:0,M1out01:0</Mutes>
    <Entrances/>
    <Exits>M0ch09 ,M1ch01</Exits>
    <OnStage>ch1,ch2 </OnStage>
    <Levels>M0ch01:64,M0ch02:128,M0ch03:194,M0ch04:256,M0ch05:320,M0ch06:384,M0ch07:448,M0ch08:512,M0ch09:576,M0ch10:640,M0ch11:704,M0ch12:768,M0ch13:832,M0ch14:896,M0ch15:960,M0ch16:1024,M0ch17:1024,M0ch18:960,M0ch19:896,M0ch20:832,M0ch21:768,M0ch22:704,M0ch23:640,M0ch24:576,M0ch25:512,M0ch26:448,M0ch27:384,M0ch28:320,M0ch29:256,M0ch30:194,M0ch31:128,M0ch32:64,M1ch01:64,M1ch02:128,M1ch03:194,M1ch04:256,M1ch05:320,M1ch06:384,M1ch07:448,M1ch08:512,M1ch09:576,M1ch10:640,M1ch11:704,M1ch12:768,M1ch13:832,M1ch14:896,M1aux01:960,M1bus01:1024</Levels>
    <Note1/>
    <Note2/>
    <Note3/>
  </cue>
  <cue num="007">
    <Id>5B</Id>
    <Act>1</Act>
    <Scene> 3</Scene>
    <Page>5</Page>
    <Title>Sound</Title>
    <CueCall>"Good after-noon sir!"</CueCall>
    <CueType>Stage</CueType>
    <Entrances/>
    <Exits/>
    <OnStage>ch1,ch2 </OnStage>
    <Note1/>
    <Note2/>
    <Note3/>
    <Levels/>
  </cue>
  <cue num="008">
    <Id>6A</Id>
    <Act>1</Act>
    <Scene> 3</Scene>
    <Page>6</Page>
    <Title>Bob exits, "M.O.N.E.Y"</Title>
    <CueCall>"No offence, sir!"</CueCall>
    <CueType>Stage</CueType>
    <Entrances/>
    <Exits>ch2 </Exits>
    <OnStage>ch1 </OnStage>
    <Note1/>
    <Note2/>
    <Note3/>
    <Levels/>
  </cue>
  <cue num="009">
    <Id>7A</Id>
    <Act>1</Act>
    <Scene> 3</Scene>
    <Page>7</Page>
    <Title>end of "M.O.N.E.Y"</Title>
    <CueCall>"M.O.N.E.Y!" blackout</CueCall>
    <CueType>Mixer</CueType>
    <Mutes>M0ch01:1,M0ch02:1,M0ch03:1,M0ch04:1,M0ch05:1,M0ch06:0,M0ch07:0,M0ch08:1,M0ch09:1,M0ch10:1,M0ch11:0,M0ch12:0,M0ch13:0,M0ch14:0,M0ch15:0,M0ch16:0,M0ch17:0,M0ch18:0,M0ch19:0,M0ch20:0,M0ch21:0,M0ch22:0,M0ch23:0,M0ch24:0,M0ch25:0,M0ch26:0,M0ch27:0,M0ch28:0,M0ch29:0,M0ch30:0,M0ch31:0,M0ch32:0,M0main01:0,M1ch01:1,M1ch02:1,M1ch03:1,M1ch04:1,M1ch05:1,M1ch06:0,M1ch07:0,M1ch08:1,M1ch09:1,M1ch10:1,M1ch11:0,M1ch12:0,M1ch13:0,M1ch14:0,M1aux01:0,M1bus01:0,M1out01:0</Mutes>
    <Entrances/>
    <Exits>M0ch01</Exits>
    <Levels>M0ch01:812,M0ch02:812,M0ch03:0,M0ch04:0,M0ch05:0,M0ch06:0,M0ch07:0,M0ch08:0,M0ch09:0,M0ch10:0,M0ch11:0,M0ch12:0,M0ch13:0,M0ch14:0,M0ch15:0,M0ch16:0,M0ch17:0,M0ch18:0,M0ch19:0,M0ch20:0,M0ch21:0,M0ch22:0,M0ch23:0,M0ch24:0,M0ch25:0,M0ch26:0,M0ch27:0,M0ch28:0,M0ch29:0,M0ch30:0,M0ch31:0,M0ch32:0,M1ch01:812,M1ch02:812,M1ch03:0,M1ch04:0,M1ch05:0,M1ch06:0,M1ch07:0,M1ch08:0,M1ch09:0,M1ch10:0,M1ch11:0,M1ch12:0,M1ch13:0,M1ch14:0,M1aux01:0,M1bus01:0</Levels>
    <OnStage/>
    <Note1/>
    <Note2/>
    <Note3/>
  </cue>
  <cue num="010">
    <Id>7B</Id>
    <Act>1</Act>
    <Scene> 3</Scene>
    <Page>7</Page>
    <Title>Scene 3</Title>
    <CueCall>Lights up</CueCall>
    <CueType>Mixer</CueType>
    <Mutes>M0ch01:0,M0ch02:0,M0ch03:0,M0ch04:0,M0ch05:0,M0ch06:0,M0ch07:0,M0ch08:0,M0ch09:0,M0ch10:0,M0ch11:0,M0ch12:0,M0ch13:0,M0ch14:0,M0ch15:0,M0ch16:0,M0ch17:0,M0ch18:0,M0ch19:0,M0ch20:0,M0ch21:0,M0ch22:0,M0ch23:0,M0ch24:0,M0ch25:0,M0ch26:0,M0ch27:0,M0ch28:0,M0ch29:0,M0ch30:0,M0ch31:0,M0ch32:0,M0main01:1,M1ch01:0,M1ch02:0,M1ch03:0,M1ch04:0,M1ch05:0,M1ch06:0,M1ch07:0,M1ch08:0,M1ch09:0,M1ch10:0,M1ch11:0,M1ch12:0,M1ch13:0,M1ch14:0,M1aux01:0,M1bus01:0,M1out01:1</Mutes>
    <Entrances>M0ch02,M0ch04,M0ch03,M0ch20,M0ch22 ,M0ch23</Entrances>
    <Exits/>
    <OnStage>ch2,ch4,ch3,Baker Woman ,ch23,Mrs. Carstairs (Susannah Meszynski)</OnStage>
    <Levels>M0ch01:64,M0ch02:128,M0ch03:194,M0ch04:256,M0ch05:320,M0ch06:384,M0ch07:448,M0ch08:512,M0ch09:576,M0ch10:640,M0ch11:704,M0ch12:768,M0ch13:832,M0ch14:896,M0ch15:960,M0ch16:1024,M0ch17:1024,M0ch18:960,M0ch19:896,M0ch20:832,M0ch21:768,M0ch22:704,M0ch23:640,M0ch24:576,M0ch25:512,M0ch26:448,M0ch27:384,M0ch28:320,M0ch29:256,M0ch30:194,M0ch31:128,M0ch32:64,M1ch01:64,M1ch02:128,M1ch03:194,M1ch04:256,M1ch05:320,M1ch06:384,M1ch07:448,M1ch08:512,M1ch09:576,M1ch10:640,M1ch11:704,M1ch12:768,M1ch13:832,M1ch14:896,M1aux01:960,M1bus01:1024</Levels>
    <Note1/>
    <Note2/>
    <Note3/>
  </cue>
  </show>
