 Move , Id , A , S , Page , Title , Cue , Entrances , Exits , On Stage , Note 1 , Note 2 , Note 3 
1,,1,PR,4,Tradition,,"Tevye (), Golde (), Yente (), Avram (), Beggar (), Lazar (), Mendel (), Rabbi (), 1st Man (), 2nd man ()",,"Tevye (), Golde (), Yente (), Avram (), Beggar (), Lazar (), Mendel (), Rabbi (), 1st Man (), 2nd man ()",,,
2,,1,PR,5,,,,,"Tevye (), Golde (), Yente (), Avram (), Beggar (), Lazar (), Mendel (), Rabbi (), 1st Man (), 2nd man ()",,,
3,,1,PR,6,,,,,"Tevye (), Golde (), Yente (), Avram (), Beggar (), Lazar (), Mendel (), Rabbi (), 1st Man (), 2nd man ()",,,
4,,1, 1,7,,,"Shprintzle (), Hodel (), Bielke (), Tzeitel (), Chava ()","Tevye (), Avram (), Beggar (), Lazar (), Mendel (), Rabbi (), 1st Man (), 2nd man ()","Golde (), Yente (), Shprintzle (), Hodel (), Bielke (), Tzeitel (), Chava ()",,,
5,,1, 1,8,,,Motel (),"Shprintzle (), Bielke ()","Golde (), Yente (), Hodel (), Tzeitel (), Chava (), Motel ()",,,
6,,1, 1,9,,,,Motel (),"Golde (), Yente (), Hodel (), Tzeitel (), Chava ()",,,
7,,1, 1,10,Matchmaker,,,"Golde (), Yente ()","Hodel (), Tzeitel (), Chava ()",,,
8,,1, 1,11,,,,,"Hodel (), Tzeitel (), Chava ()",,,
9,,1, 2,12,If I Were A Rich Man,,"Tevye (), Golde ()","Hodel (), Tzeitel (), Chava ()","Tevye (), Golde ()",,,
10,,1, 2,13,,,"Avram (), Mendel (), Inkeeper (), Perchik ()",Golde (),"Tevye (), Avram (), Mendel (), Inkeeper (), Perchik ()",,,
11,,1, 2,14,,,,,"Tevye (), Avram (), Mendel (), Inkeeper (), Perchik ()",,,
12,,1, 2,15,,,,,"Tevye (), Avram (), Mendel (), Inkeeper (), Perchik ()",,,
13,,1, 2,16,,,,"Avram (), Inkeeper ()","Tevye (), Mendel (), Perchik ()",,,
14,,1, 3,17,,,"Golde (), Hodel (), Tzeitel ()",Mendel (),"Tevye (), Golde (), Hodel (), Tzeitel (), Perchik ()",,,
15,,1, 3,18,,,Motel (),"Hodel (), Perchik ()","Tevye (), Golde (), Tzeitel (), Motel ()",,,
16,,1, 3,19,Sabbath Prayer,,,Tzeitel (),"Tevye (), Golde (), Motel ()",,,
17,,1, 4,20,,,"Avram (), Lazar (), Mendel (), Inkeeper (), Russian (), Russian (Fyedka) ()","Golde (), Motel ()","Tevye (), Avram (), Lazar (), Mendel (), Inkeeper (), Russian (), Russian (Fyedka) ()",,,
18,,1, 4,21,,,,Avram (),"Tevye (), Lazar (), Mendel (), Inkeeper (), Russian (), Russian (Fyedka) ()",,,
19,,1, 4,22,To Life,,,,"Tevye (), Lazar (), Mendel (), Inkeeper (), Russian (), Russian (Fyedka) ()",,,
20,,1, 4,23,,,,,"Tevye (), Lazar (), Mendel (), Inkeeper (), Russian (), Russian (Fyedka) ()",,,
21,,1, 4,24,,,,,"Tevye (), Lazar (), Mendel (), Inkeeper (), Russian (), Russian (Fyedka) ()",,,
22,,1, 5,25,,,Constable (),"Mendel (), Inkeeper (), Russian (), Russian (Fyedka) ()","Tevye (), Lazar (), Constable ()",,,
23,,1, 6,26,,,"Golde (), Shprintzle (), Hodel (), Bielke (), Perchik ()","Lazar (), Constable ()","Tevye (), Golde (), Shprintzle (), Hodel (), Bielke (), Perchik ()",,,
24,,1, 6,27,,,,"Shprintzle (), Bielke ()","Tevye (), Golde (), Hodel (), Perchik ()",,,
25,,1, 6,28,,,"Tzeitel (), Chava ()",,"Tevye (), Golde (), Hodel (), Tzeitel (), Chava (), Perchik ()",,,
26,,1, 6,29,,,Motel (),"Golde (), Hodel (), Chava (), Perchik ()","Tevye (), Tzeitel (), Motel ()",,,
27,,1, 6,30,Tevye's Monologue,,,,"Tevye (), Tzeitel (), Motel ()",,,
28,,1, 6,31,,,Golde (),"Tzeitel (), Motel ()","Tevye (), Golde ()",,,
29,,1, 7,32,The Dream,,,,"Tevye (), Golde ()",,,
30,,1, 7,33,The Tailor Motel Kamzoil,,"Rabbi (), Grandma ()",,"Tevye (), Golde (), Rabbi (), Grandma ()",,,
31,,1, 7,34,,,Fruma-Sarah (),"Golde (), Rabbi ()","Tevye (), Grandma (), Fruma-Sarah ()",,,
32,,1, 7,35,,,,Grandma (),"Tevye (), Fruma-Sarah ()",,,
33,,1, 7,36,,,Golde (),,"Tevye (), Golde (), Fruma-Sarah ()",,,
34,,1, 8,37,,,"Avram (), Mendel (), Motel (), Inkeeper (), John (), 1st Woman (), Shandel (), Yussel ()","Tevye (), Golde (), Fruma-Sarah ()","Avram (), Mendel (), Motel (), Inkeeper (), John (), 1st Woman (), Shandel (), Yussel ()",,,
35,,1, 8,38,,,"Chava (), Russian (), Russian (Fyedka) (), Sasha ()","Avram (), Mendel (), Inkeeper (), John (), 1st Woman (), Shandel ()","Chava (), Motel (), Russian (), Russian (Fyedka) (), Yussel (), Sasha ()",,,
36,,1, 8,39,,,,"Russian (), Yussel (), Sasha ()","Chava (), Motel (), Russian (Fyedka) ()",,,
37,,1, 9,40,"Sunrise, Sunset",,"Tevye (), Golde (), Hodel (), Perchik ()","Chava (), Motel (), Russian (Fyedka) ()","Tevye (), Golde (), Hodel (), Perchik ()",,,
38,,1,10,41,,,"Lazar (), Mendel (), Rabbi (), Inkeeper ()",Hodel (),"Tevye (), Golde (), Lazar (), Mendel (), Rabbi (), Inkeeper (), Perchik ()",,,
39,,1,10,42,,,"Yente (), 1st Man (), 2nd man (), Shandel (), 3rd man (), 4th man ()",,"Tevye (), Golde (), Yente (), Lazar (), Mendel (), Rabbi (), 1st Man (), 2nd man (), Inkeeper (), Perchik (), Shandel (), 3rd man (), 4th man ()",,,
40,,1,10,43,,,"Avram (), 5th man ()","1st Man (), 2nd man (), 3rd man (), 4th man ()","Tevye (), Golde (), Yente (), Avram (), Lazar (), Mendel (), Rabbi (), Inkeeper (), Perchik (), Shandel (), 5th man ()",,,
41,,1,10,44,,,"Hodel (), Constable ()","Yente (), Avram (), Rabbi (), Inkeeper (), 5th man ()","Tevye (), Golde (), Lazar (), Mendel (), Hodel (), Perchik (), Constable (), Shandel ()",,,
42,, ,  ,INTERVAL,,,,"Tevye (), Golde (), Lazar (), Mendel (), Hodel (), Perchik (), Constable (), Shandel ()",,,,
43,,2,PR,45,,,Tevye (),,Tevye (),,,
44,,2, 1,46,,,"Hodel (), Perchik ()",Tevye (),"Hodel (), Perchik ()",,,
45,,2, 1,47,Now I Have Everything,,,,"Hodel (), Perchik ()",,,
46,,2, 1,48,Tevye's Rebuttal,,Tevye (),,"Tevye (), Hodel (), Perchik ()",,,
47,,2, 1,49,Do You Love Me?,,Golde (),,"Tevye (), Golde (), Hodel (), Perchik ()",,,
48,,2, 1,50,,,,"Hodel (), Perchik ()","Tevye (), Golde ()",,,
49,,2, 2,51,,,"Yente (), Tzeitel (), Larry (), 2nd Woman (), 3rd Woman ()","Tevye (), Golde ()","Yente (), Tzeitel (), Larry (), 2nd Woman (), 3rd Woman ()",,,
50,,2, 2,52,,,"Avram (), Mendel ()","Yente (), Tzeitel (), Larry (), 2nd Woman ()","Avram (), Mendel (), 3rd Woman ()",,,
51,,2, 3,53,Far From The Home I Love,,"Tevye (), Hodel ()","Avram (), Mendel (), 3rd Woman ()","Tevye (), Hodel ()",,,
52,,2, 3,54,,,,,"Tevye (), Hodel ()",,,
53,,2, 4,55,,,"Avram (), Mendel (), Rabbi (), Inkeeper (), Shandel (), 6th Man (), 4th Woman ()","Tevye (), Hodel ()","Avram (), Mendel (), Rabbi (), Inkeeper (), Shandel (), 6th Man (), 4th Woman ()",,,
54,,2, 5,56,,,"Golde (), 1st Man (), Tzeitel (), Motel (), Russian (Fyedka) ()","Mendel (), Rabbi (), Shandel (), 6th Man (), 4th Woman ()","Golde (), Avram (), 1st Man (), Tzeitel (), Motel (), Inkeeper (), Russian (Fyedka) ()",,,
55,,2, 5,57,,,"Tevye (), Chava ()","Avram (), 1st Man (), Tzeitel (), Inkeeper ()","Tevye (), Golde (), Chava (), Motel (), Russian (Fyedka) ()",,,
56,,2, 5,58,,,,"Motel (), Russian (Fyedka) ()","Tevye (), Golde (), Chava ()",,,
57,,2, 6,59,Chava Sequence,,,Chava (),"Tevye (), Golde ()",,,
58,,2, 6,60,,,Chava (),Golde (),"Tevye (), Chava ()",,,
59,,2, 7,61,,,"Golde (), Yente (), Avram (), Lazar (), Constable ()",Chava (),"Tevye (), Golde (), Yente (), Avram (), Lazar (), Constable ()",,,
60,,2, 7,62,,,"7th Man (), 8th Man ()","Golde (), Yente (), Avram ()","Tevye (), Lazar (), Constable (), 7th Man (), 8th Man ()",,,
61,,2, 7,63,Anatevka,,"Golde (), Yente (), Avram (), Mendel (), Rabbi (), Inkeeper (), Maurice (), Sam (), Thom (), 9th Man ()","Constable (), 8th Man ()","Tevye (), Golde (), Yente (), Avram (), Lazar (), Mendel (), Rabbi (), Inkeeper (), 7th Man (), Maurice (), Sam (), Thom (), 9th Man ()",,,
62,,2, 7,64,,,,"Rabbi (), Inkeeper (), 7th Man (), Maurice (), Sam (), Thom (), 9th Man ()","Tevye (), Golde (), Yente (), Avram (), Lazar (), Mendel ()",,,
63,,2, 8,65,,,"Shprintzle (), Tzeitel (), Motel ()","Avram (), Mendel ()","Tevye (), Golde (), Yente (), Lazar (), Shprintzle (), Tzeitel (), Motel ()",,,
64,,2, 8,66,,,Chava (),"Yente (), Lazar (), Shprintzle (), Motel ()","Tevye (), Golde (), Tzeitel (), Chava ()",,,
65,,2, 8,67,,,"Motel (), Russian (Fyedka) ()",,"Tevye (), Golde (), Tzeitel (), Chava (), Motel (), Russian (Fyedka) ()",,,
66,,2, 8,68,,,Bielke (),"Tzeitel (), Chava (), Motel (), Russian (Fyedka) ()","Tevye (), Golde (), Bielke ()",,,
 Move , Id , A , S , Page , Title , Cue , Entrances , Exits , On Stage , Note 1 , Note 2 , Note 3 
