<show>
<cue num="000">
    <Move>0</Move>
    <Id>0</Id>
    <Act>0</Act>
    <Scene> 0</Scene>
    <Page>0</Page>
    <Title>Top of Show</Title>
    <Cue>None</Cue>
    <CueType>Stage</CueType>
    <Entrances />
    <Exits>ch1,ch2,ch3,ch4,ch5,ch6,ch7,ch8,ch9,ch10,ch11,ch12,ch13,ch14,ch15,ch16,ch17,ch18,ch19,ch20,ch21,ch22,ch23,ch24,ch25,ch26,ch27,ch28,ch29,ch30,ch31,ch32</Exits>
    <On_Stage />
    <Note_1 />
    <Note_2 />
    <Note_3 />
</cue>
<cue num="001">
    <Move>1</Move>
    <Id>1A</Id>
    <Act>1</Act>
    <Scene> 1</Scene>
    <Page>1</Page>
    <Title>Pauline enters</Title>
    <Cue>Lights up</Cue>
    <CueType>Light</CueType>
    <Entrances>ch1</Entrances>
    <Exits />
    <On_Stage>ch1</On_Stage>
    <Note_1 />
    <Note_2 />
    <Note_3 />
</cue>
<cue num="002">
    <Move>2</Move>
    <Id>1B</Id>
    <Act>1</Act>
    <Scene> 1</Scene>
    <Page>1</Page>
    <Title>Top of show</Title>
    <Cue>Church bells chime</Cue>
    <CueType>Sound</CueType>
    <Entrances>ch10 , ch2 , ch4 , ch5 , ch6 , ch7 , ch8 </Entrances>
    <Exits>ch32</Exits>
    <On_Stage>ch10 , ch2 , ch4 , ch5 , ch6 , ch7 , ch8 </On_Stage>
    <Note_1 />
    <Note_2 />
    <Note_3 />
</cue>
<cue num="003">
    <Move>3</Move>
    <Id>2A</Id>
    <Act>1</Act>
    <Scene> 2</Scene>
    <Page>2</Page>
    <Title>end of "Opening"</Title>
    <Cue>Song ends/scene change</Cue>
    <CueType>Mixer</CueType>
    <Entrances />
    <Exits>ch10 , ch2 , ch4 , ch5 , ch6 , ch7 , ch8 </Exits>
    <On_Stage />
    <Note_1 />
    <Note_2 />
    <Note_3 />
</cue>
<cue num="004">
    <Move>4</Move>
    <Id>2B</Id>
    <Act>1</Act>
    <Scene> 2</Scene>
    <Page>2</Page>
    <Title>Scene 2</Title>
    <Cue>Scene change ends</Cue>
    <CueType>Stage</CueType>
    <Entrances>ch1 </Entrances>
    <Exits />
    <On_Stage>ch1 </On_Stage>
    <Note_1 />
    <Note_2 />
    <Note_3 />
</cue>
<cue num="005">
    <Move>5</Move>
    <Id>3A</Id>
    <Act>1</Act>
    <Scene> 2</Scene>
    <Page>3</Page>
    <Title>enter Nephew and Bob</Title>
    <Cue>"leave a man in peace!"</Cue>
    <CueType>Stage</CueType>
    <Entrances>ch2 , ch9 </Entrances>
    <Exits />
    <On_Stage>ch1 , ch2 , ch9 </On_Stage>
    <Note_1 />
    <Note_2 />
    <Note_3 />
</cue>
<cue num="006">
    <Move>6</Move>
    <Id>5A</Id>
    <Act>1</Act>
    <Scene> 3</Scene>
    <Page>5</Page>
    <Title>Nephew exits</Title>
    <Cue>"A happy New Year!"</Cue>
    <CueType>Stage</CueType>
    <Entrances />
    <Exits>ch9 </Exits>
    <On_Stage>ch1 , ch2 </On_Stage>
    <Note_1 />
    <Note_2 />
    <Note_3 />
</cue>
<cue num="007">
    <Move>7</Move>
    <Id>5B</Id>
    <Act>1</Act>
    <Scene> 3</Scene>
    <Page>5</Page>
    <Title>SOUND FX - 7:00</Title>
    <Cue>"Good after-noon sir!"</Cue>
    <CueType>Stage</CueType>
    <Entrances />
    <Exits />
    <On_Stage>ch1 , ch2 </On_Stage>
    <Note_1 />
    <Note_2 />
    <Note_3 />
</cue>
<cue num="008">
    <Move>8</Move>
    <Id>6A</Id>
    <Act>1</Act>
    <Scene> 3</Scene>
    <Page>6</Page>
    <Title>Bob exits, "M.O.N.E.Y"</Title>
    <Cue>"No offence, sir!"</Cue>
    <CueType>Stage</CueType>
    <Entrances />
    <Exits>ch2 </Exits>
    <On_Stage>ch1 </On_Stage>
    <Note_1 />
    <Note_2 />
    <Note_3 />
</cue>
<cue num="009">
    <Move>9</Move>
    <Id>7A</Id>
    <Act>1</Act>
    <Scene> 3</Scene>
    <Page>7</Page>
    <Title>end of "M.O.N.E.Y"</Title>
    <Cue>"M.O.N.E.Y!" blackout</Cue>
    <CueType>Stage</CueType>
    <Entrances />
    <Exits>ch1 </Exits>
    <On_Stage />
    <Note_1 />
    <Note_2 />
    <Note_3 />
</cue>
<cue num="010">
    <Move>10</Move>
    <Id>7B</Id>
    <Act>1</Act>
    <Scene> 3</Scene>
    <Page>7</Page>
    <Title>Scene 3</Title>
    <Cue>Lights up</Cue>
    <CueType>Stage</CueType>
    <Entrances>ch2 , ch4 , ch3 , Baker Woman ,ch23 , Mrs. Carstairs (Susannah Meszynski)</Entrances>
    <Exits />
    <On_Stage>ch2 , ch4 , ch3 , Baker Woman ,ch23 , Mrs. Carstairs (Susannah Meszynski)</On_Stage>
    <Note_1 />
    <Note_2 />
    <Note_3 />
</cue>
<cue num="011">
    <Move>11</Move>
    <Id>9A</Id>
    <Act>1</Act>
    <Scene> 3</Scene>
    <Page>9</Page>
    <Title>"Christmas Children"</Title>
    <Cue>"Well, that's about a million,</Cue>
    <CueType>Stage</CueType>
    <Entrances />
    <Exits>Baker Woman ,ch23 , Mrs. Carstairs (Susannah Meszynski)</Exits>
    <On_Stage>ch2 , ch4 , ch3 </On_Stage>
    <Note_1 />
    <Note_2 />
    <Note_3 />
</cue>
<cue num="012">
    <Move>12</Move>
    <Id>10A</Id>
    <Act>1</Act>
    <Scene> 3</Scene>
    <Page>10</Page>
    <Title>Scene 3 cont.</Title>
    <Cue>end of song "...young and old.</Cue>
    <CueType>Stage</CueType>
    <Entrances>ch1 , ch5 , ch6 </Entrances>
    <Exits>ch2 , ch4 , ch3 </Exits>
    <On_Stage>ch1 , ch5 , ch6 </On_Stage>
    <Note_1 />
    <Note_2 />
    <Note_3 />
</cue>
<cue num="013">
    <Move>13</Move>
    <Id>11A</Id>
    <Act>1</Act>
    <Scene> 3</Scene>
    <Page>11</Page>
    <Title>Dilbers exit</Title>
    <Cue>"No sir, we'll pay, sir."</Cue>
    <CueType>Stage</CueType>
    <Entrances>ch14 </Entrances>
    <Exits>ch5 , ch6 </Exits>
    <On_Stage>ch1 , ch14 </On_Stage>
    <Note_1 />
    <Note_2 />
    <Note_3 />
</cue>
<cue num="014">
    <Move>14</Move>
    <Id>11B</Id>
    <Act>1</Act>
    <Scene> 3</Scene>
    <Page>11</Page>
    <Title>Bissett exits</Title>
    <Cue>"I'll take them home."</Cue>
    <CueType>Stage</CueType>
    <Entrances>ch16 </Entrances>
    <Exits>ch14 </Exits>
    <On_Stage>ch1 , ch16 </On_Stage>
    <Note_1 />
    <Note_2 />
    <Note_3 />
</cue>
<cue num="015">
    <Move>15</Move>
    <Id>11C</Id>
    <Act>1</Act>
    <Scene> 3</Scene>
    <Page>11</Page>
    <Title>Punch and Judy exits</Title>
    <Cue>"meaner than you are!"</Cue>
    <CueType>Stage</CueType>
    <Entrances>ch21, ch13 </Entrances>
    <Exits>ch16 </Exits>
    <On_Stage>ch1 , ch21, ch13 </On_Stage>
    <Note_1 />
    <Note_2 />
    <Note_3 />
</cue>
<cue num="016">
    <Move>16</Move>
    <Id>12A</Id>
    <Act>1</Act>
    <Scene> 3</Scene>
    <Page>12</Page>
    <Title>"Father Christmas"</Title>
    <Cue>"A word."</Cue>
    <CueType>Stage</CueType>
    <Entrances>ch10 , ch22,ch23 , ch5 , ch6 , ch14 </Entrances>
    <Exits>ch1 , ch13 </Exits>
    <On_Stage>ch10 , ch21, ch22,ch23 , ch5 , ch6 , ch14 </On_Stage>
    <Note_1 />
    <Note_2 />
    <Note_3 />
</cue>
<cue num="017">
    <Move>17</Move>
    <Id>13A</Id>
    <Act>1</Act>
    <Scene> 3</Scene>
    <Page>13</Page>
    <Title>end of "Father Christmas"</Title>
    <Cue>Scrooge re-enters</Cue>
    <CueType>Stage</CueType>
    <Entrances>ch1 , ch13 </Entrances>
    <Exits>ch21, ch22, ch5 , ch6 , ch14 </Exits>
    <On_Stage>ch1 , ch10 ,ch23 , ch13 </On_Stage>
    <Note_1 />
    <Note_2 />
    <Note_3 />
</cue>
<cue num="018">
    <Move>18</Move>
    <Id>14A</Id>
    <Act>1</Act>
    <Scene> 3</Scene>
    <Page>14</Page>
    <Title>ch7 and ch8</Title>
    <Cue>"I'll take it home."</Cue>
    <CueType>Stage</CueType>
    <Entrances>ch7 , ch8 </Entrances>
    <Exits>ch10 ,ch23 , ch13 </Exits>
    <On_Stage>ch1 , ch7 , ch8 </On_Stage>
    <Note_1 />
    <Note_2 />
    <Note_3 />
</cue>
<cue num="019">
    <Move>19</Move>
    <Id>15A</Id>
    <Act>1</Act>
    <Scene> 3</Scene>
    <Page>15</Page>
    <Title>"I Hate People"</Title>
    <Cue>"surplus population!"</Cue>
    <CueType>Stage</CueType>
    <Entrances />
    <Exits>ch7 , ch8 </Exits>
    <On_Stage>ch1 </On_Stage>
    <Note_1 />
    <Note_2 />
    <Note_3 />
</cue>
<cue num="020">
    <Move>20</Move>
    <Id>16A</Id>
    <Act>1</Act>
    <Scene> 4</Scene>
    <Page>16</Page>
    <Title>end of "I Hate People"</Title>
    <Cue>"Humbug!"</Cue>
    <CueType>Stage</CueType>
    <Entrances />
    <Exits>ch1 </Exits>
    <On_Stage />
    <Note_1 />
    <Note_2 />
    <Note_3 />
</cue>
<cue num="021">
    <Move>21</Move>
    <Id>16B</Id>
    <Act>1</Act>
    <Scene> 4</Scene>
    <Page>16</Page>
    <Title>Scene 4</Title>
    <Cue>Scene change ends</Cue>
    <CueType>Stage</CueType>
    <Entrances>ch1 , ch19 </Entrances>
    <Exits />
    <On_Stage>ch1 , ch19 </On_Stage>
    <Note_1 />
    <Note_2 />
    <Note_3 />
</cue>
<cue num="022">
    <Move>22</Move>
    <Id>17A</Id>
    <Act>1</Act>
    <Scene> 5</Scene>
    <Page>17</Page>
    <Title>SOUND FX - running, echoing, e</Title>
    <Cue>"Not possible!"</Cue>
    <CueType>Stage</CueType>
    <Entrances>ch32</Entrances>
    <Exits />
    <On_Stage>ch1 , ch19 , ch32</On_Stage>
    <Note_1 />
    <Note_2 />
    <Note_3 />
</cue>
<cue num="023">
    <Move>23</Move>
    <Id>17B</Id>
    <Act>1</Act>
    <Scene> 5</Scene>
    <Page>17</Page>
    <Title>Scrooge and Marley talk</Title>
    <Cue>end of sound cues</Cue>
    <CueType>Stage</CueType>
    <Entrances />
    <Exits>ch32</Exits>
    <On_Stage>ch1 , ch19 </On_Stage>
    <Note_1 />
    <Note_2 />
    <Note_3 />
</cue>
<cue num="024">
    <Move>24</Move>
    <Id>18A</Id>
    <Act>1</Act>
    <Scene> 6</Scene>
    <Page>18</Page>
    <Title>SOUND FX - bells</Title>
    <Cue>Scrooge sits down</Cue>
    <CueType>Stage</CueType>
    <Entrances>ch32</Entrances>
    <Exits />
    <On_Stage>ch1 , ch19 , ch32</On_Stage>
    <Note_1 />
    <Note_2 />
    <Note_3 />
</cue>
<cue num="025">
    <Move>25</Move>
    <Id>19A</Id>
    <Act>1</Act>
    <Scene> 6</Scene>
    <Page>19</Page>
    <Title>Marley enters</Title>
    <Cue>Marley enters</Cue>
    <CueType>Stage</CueType>
    <Entrances />
    <Exits>ch32</Exits>
    <On_Stage>ch1 , ch19 </On_Stage>
    <Note_1 />
    <Note_2 />
    <Note_3 />
</cue>
<cue num="026">
    <Move>26</Move>
    <Id>19B</Id>
    <Act>1</Act>
    <Scene> 6</Scene>
    <Page>19</Page>
    <Title>SOUND FX - chains</Title>
    <Cue>various times as he moves</Cue>
    <CueType>Stage</CueType>
    <Entrances>ch32</Entrances>
    <Exits />
    <On_Stage>ch1 , ch19 , ch32</On_Stage>
    <Note_1 />
    <Note_2 />
    <Note_3 />
</cue>
<cue num="027">
    <Move>27</Move>
    <Id>20A</Id>
    <Act>1</Act>
    <Scene> 6</Scene>
    <Page>20</Page>
    <Title>"Make the Most of This World"</Title>
    <Cue>"No, Jacob! Nooooo!"</Cue>
    <CueType>Stage</CueType>
    <Entrances />
    <Exits>ch1 , ch32</Exits>
    <On_Stage>ch19 </On_Stage>
    <Note_1 />
    <Note_2 />
    <Note_3 />
</cue>
<cue num="028">
    <Move>28</Move>
    <Id>22A</Id>
    <Act>1</Act>
    <Scene> 6</Scene>
    <Page>22</Page>
    <Title>end of "Make the Most..."</Title>
    <Cue>"Is far, far worse!"</Cue>
    <CueType>Stage</CueType>
    <Entrances>ch1 </Entrances>
    <Exits />
    <On_Stage>ch1 , ch19 </On_Stage>
    <Note_1 />
    <Note_2 />
    <Note_3 />
</cue>
<cue num="029">
    <Move>29</Move>
    <Id>22B</Id>
    <Act>1</Act>
    <Scene> 6</Scene>
    <Page>22</Page>
    <Title>SOUND FX-church bells midnight</Title>
    <Cue>"Learn from them."</Cue>
    <CueType>Stage</CueType>
    <Entrances>ch32</Entrances>
    <Exits />
    <On_Stage>ch1 , ch19 , ch32</On_Stage>
    <Note_1 />
    <Note_2 />
    <Note_3 />
</cue>
<cue num="030">
    <Move>30</Move>
    <Id>23A</Id>
    <Act>1</Act>
    <Scene> 6</Scene>
    <Page>23</Page>
    <Title>"It's Not My Fault!"</Title>
    <Cue>"Pray for me!" (Marley)</Cue>
    <CueType>Stage</CueType>
    <Entrances />
    <Exits>ch19 , ch32</Exits>
    <On_Stage>ch1 </On_Stage>
    <Note_1 />
    <Note_2 />
    <Note_3 />
</cue>
<cue num="031">
    <Move>31</Move>
    <Id>24A</Id>
    <Act>1</Act>
    <Scene> 6</Scene>
    <Page>24</Page>
    <Title>SOUND FX - one o'clock chimes</Title>
    <Cue>song ends "A quarter pas... ha</Cue>
    <CueType>Stage</CueType>
    <Entrances>ch32</Entrances>
    <Exits />
    <On_Stage>ch1 , ch32</On_Stage>
    <Note_1 />
    <Note_2 />
    <Note_3 />
</cue>
<cue num="032">
    <Move>32</Move>
    <Id>25A</Id>
    <Act>1</Act>
    <Scene> 6</Scene>
    <Page>25</Page>
    <Title>Christmas Past</Title>
    <Cue>Lighting cue, Ghost enters</Cue>
    <CueType>Stage</CueType>
    <Entrances>ch24</Entrances>
    <Exits>ch32</Exits>
    <On_Stage>ch1 ,ch24</On_Stage>
    <Note_1 />
    <Note_2 />
    <Note_3 />
</cue>
<cue num="033">
    <Move>33</Move>
    <Id>25B</Id>
    <Act>1</Act>
    <Scene> 6</Scene>
    <Page>25</Page>
    <Title>end of Scene 6</Title>
    <Cue>look at your childhood." "No!"</Cue>
    <CueType>Stage</CueType>
    <Entrances />
    <Exits>ch1 ,ch24</Exits>
    <On_Stage />
    <Note_1 />
    <Note_2 />
    <Note_3 />
</cue>
<cue num="034">
    <Move>34</Move>
    <Id>25C</Id>
    <Act>1</Act>
    <Scene> 6</Scene>
    <Page>25</Page>
    <Title>Scene 7. "A Christmas Carol"</Title>
    <Cue>lights up on School Room</Cue>
    <CueType>Stage</CueType>
    <Entrances>ch25</Entrances>
    <Exits />
    <On_Stage>ch25</On_Stage>
    <Note_1 />
    <Note_2 />
    <Note_3 />
</cue>
<cue num="035">
    <Move>35</Move>
    <Id>26A</Id>
    <Act>1</Act>
    <Scene> 7</Scene>
    <Page>26</Page>
    <Title>end of "A Christmas Carol"</Title>
    <Cue>"Merry Christmas, ma'am!"</Cue>
    <CueType>Stage</CueType>
    <Entrances>ch1 ,ch24</Entrances>
    <Exits>ch25</Exits>
    <On_Stage>ch1 ,ch24</On_Stage>
    <Note_1 />
    <Note_2 />
    <Note_3 />
</cue>
<cue num="036">
    <Move>36</Move>
    <Id>27A</Id>
    <Act>1</Act>
    <Scene> 7</Scene>
    <Page>27</Page>
    <Title>Fan and Ebenezer</Title>
    <Cue>"This Christmas was special."</Cue>
    <CueType>Stage</CueType>
    <Entrances>ch26,ch27</Entrances>
    <Exits />
    <On_Stage>ch1 ,ch24, ch26,ch27</On_Stage>
    <Note_1 />
    <Note_2 />
    <Note_3 />
</cue>
<cue num="037">
    <Move>37</Move>
    <Id>27B</Id>
    <Act>1</Act>
    <Scene> 7</Scene>
    <Page>27</Page>
    <Title>memories</Title>
    <Cue>"Collect your things!"</Cue>
    <CueType>Stage</CueType>
    <Entrances>ch9 , Mr. Fezziwig (Ben Lopez)</Entrances>
    <Exits>ch26,ch27</Exits>
    <On_Stage>ch1 , ch9 ,ch24, Mr. Fezziwig (Ben Lopez)</On_Stage>
    <Note_1 />
    <Note_2 />
    <Note_3 />
</cue>
<cue num="038">
    <Move>38</Move>
    <Id>27C</Id>
    <Act>1</Act>
    <Scene> 7</Scene>
    <Page>27</Page>
    <Title>Scene change</Title>
    <Cue>"Christmas you really enjoyed"</Cue>
    <CueType>Stage</CueType>
    <Entrances />
    <Exits>ch1 , ch9 ,ch24, Mr. Fezziwig (Ben Lopez)</Exits>
    <On_Stage />
    <Note_1 />
    <Note_2 />
    <Note_3 />
</cue>
<cue num="039">
    <Move>39</Move>
    <Id>27C</Id>
    <Act>1</Act>
    <Scene> 7</Scene>
    <Page>27</Page>
    <Title>Scene 8</Title>
    <Cue>end of scene change</Cue>
    <CueType>Stage</CueType>
    <Entrances>ch1 ,ch24, Young Scrooge (Ben Morton), Mr. Fezziwig (Ben Lopez), Dick Wilkins </Entrances>
    <Exits />
    <On_Stage>ch1 ,ch24, Young Scrooge (Ben Morton), Mr. Fezziwig (Ben Lopez), Dick Wilkins </On_Stage>
    <Note_1 />
    <Note_2 />
    <Note_3 />
</cue>
<cue num="040">
    <Move>40</Move>
    <Id>29A</Id>
    <Act>1</Act>
    <Scene> 8</Scene>
    <Page>29</Page>
    <Title>Isabel and Mrs. F enter</Title>
    <Cue>"close to her as I have."</Cue>
    <CueType>Stage</CueType>
    <Entrances>Isabel (Ellie Sacco), Mrs. Fezziwig (Nicole Sprague)</Entrances>
    <Exits />
    <On_Stage>ch1 ,ch24, Young Scrooge (Ben Morton), Isabel (Ellie Sacco), Mr. Fezziwig (Ben Lopez), Mrs. Fezziwig (Nicole Sprague), Dick Wilkins </On_Stage>
    <Note_1 />
    <Note_2 />
    <Note_3 />
</cue>
<cue num="041">
    <Move>41</Move>
    <Id>29B</Id>
    <Act>1</Act>
    <Scene> 8</Scene>
    <Page>29</Page>
    <Title>"December the 25th"</Title>
    <Cue>"Splendid, Begin!</Cue>
    <CueType>Stage</CueType>
    <Entrances />
    <Exits>Young Scrooge (Ben Morton), Isabel (Ellie Sacco), Dick Wilkins </Exits>
    <On_Stage>ch1 ,ch24, Mr. Fezziwig (Ben Lopez), Mrs. Fezziwig (Nicole Sprague)</On_Stage>
    <Note_1 />
    <Note_2 />
    <Note_3 />
</cue>
<cue num="042">
    <Move>42</Move>
    <Id>31A</Id>
    <Act>1</Act>
    <Scene> 8</Scene>
    <Page>31</Page>
    <Title>end of "December the 25th"</Title>
    <Cue>"Correct!"</Cue>
    <CueType>Stage</CueType>
    <Entrances>ch2 </Entrances>
    <Exits>Mr. Fezziwig (Ben Lopez), Mrs. Fezziwig (Nicole Sprague)</Exits>
    <On_Stage>ch1 , ch2 ,ch24</On_Stage>
    <Note_1 />
    <Note_2 />
    <Note_3 />
</cue>
<cue num="043">
    <Move>43</Move>
    <Id>32A</Id>
    <Act>1</Act>
    <Scene> 8</Scene>
    <Page>32</Page>
    <Title>"Happiness"</Title>
    <Cue>"wonderful days, you know."</Cue>
    <CueType>Stage</CueType>
    <Entrances>Young Scrooge (Ben Morton), Isabel (Ellie Sacco)</Entrances>
    <Exits>ch2 </Exits>
    <On_Stage>ch1 ,ch24, Young Scrooge (Ben Morton), Isabel (Ellie Sacco)</On_Stage>
    <Note_1 />
    <Note_2 />
    <Note_3 />
</cue>
<cue num="044">
    <Move>44</Move>
    <Id>36A</Id>
    <Act>1</Act>
    <Scene> 9</Scene>
    <Page>36</Page>
    <Title>"You-You"</Title>
    <Cue>"You fool! You fool..."</Cue>
    <CueType>Stage</CueType>
    <Entrances />
    <Exits>ch24, Isabel (Ellie Sacco)</Exits>
    <On_Stage>ch1 , Young Scrooge (Ben Morton)</On_Stage>
    <Note_1 />
    <Note_2 />
    <Note_3 />
</cue>
<cue num="045">
    <Move>45</Move>
    <Id>37A</Id>
    <Act>1</Act>
    <Scene>10</Scene>
    <Page>37</Page>
    <Title>end of "You-You"</Title>
    <Cue>"I can bear it no more."</Cue>
    <CueType>Stage</CueType>
    <Entrances />
    <Exits>ch1 , Young Scrooge (Ben Morton)</Exits>
    <On_Stage />
    <Note_1 />
    <Note_2 />
    <Note_3 />
</cue>
<cue num="046">
    <Move>46</Move>
    <Id>37B</Id>
    <Act>1</Act>
    <Scene>10</Scene>
    <Page>37</Page>
    <Title>Scene 10</Title>
    <Cue>end of Scene change</Cue>
    <CueType>Stage</CueType>
    <Entrances>ch1 ,ch24</Entrances>
    <Exits />
    <On_Stage>ch1 ,ch24</On_Stage>
    <Note_1 />
    <Note_2 />
    <Note_3 />
</cue>
<cue num="047">
    <Move>47</Move>
    <Id>38A</Id>
    <Act>1</Act>
    <Scene>11</Scene>
    <Page>38</Page>
    <Title>"It's Not My Fault"</Title>
    <Cue>"haunt me no longer!"</Cue>
    <CueType>Stage</CueType>
    <Entrances />
    <Exits>ch24</Exits>
    <On_Stage>ch1 </On_Stage>
    <Note_1 />
    <Note_2 />
    <Note_3 />
</cue>
<cue num="048">
    <Move>48</Move>
    <Id>39A</Id>
    <Act>1</Act>
    <Scene>11</Scene>
    <Page>39</Page>
    <Title>SOUND FX - 2:00 chimes</Title>
    <Cue>"It's not - my - "</Cue>
    <CueType>Stage</CueType>
    <Entrances>ch32</Entrances>
    <Exits />
    <On_Stage>ch1 , ch32</On_Stage>
    <Note_1 />
    <Note_2 />
    <Note_3 />
</cue>
<cue num="049">
    <Move>49</Move>
    <Id>39A</Id>
    <Act>1</Act>
    <Scene>11</Scene>
    <Page>39</Page>
    <Title>Christmas Present</Title>
    <Cue>"nothing to be afraid of!"</Cue>
    <CueType>Stage</CueType>
    <Entrances>Ghost of Present (Lindsey Hagerstrom)</Entrances>
    <Exits>ch32</Exits>
    <On_Stage>ch1 , Ghost of Present (Lindsey Hagerstrom)</On_Stage>
    <Note_1 />
    <Note_2 />
    <Note_3 />
</cue>
<cue num="050">
    <Move>50</Move>
    <Id>41A</Id>
    <Act>1</Act>
    <Scene>11</Scene>
    <Page>41</Page>
    <Title>"Finale Act 1"</Title>
    <Cue>"Can I have some more?"</Cue>
    <CueType>Stage</CueType>
    <Entrances />
    <Exits />
    <On_Stage>ch1 , Ghost of Present (Lindsey Hagerstrom)</On_Stage>
    <Note_1 />
    <Note_2 />
    <Note_3 />
</cue>
<cue num="051">
    <Move>51</Move>
    <Id>43A</Id>
    <Act>1</Act>
    <Scene>12</Scene>
    <Page>43</Page>
    <Title>Scene 12</Title>
    <Cue>"in for a few surprises!"</Cue>
    <CueType>Stage</CueType>
    <Entrances />
    <Exits>ch1 , Ghost of Present (Lindsey Hagerstrom)</Exits>
    <On_Stage />
    <Note_1 />
    <Note_2 />
    <Note_3 />
</cue>
<cue num="052">
    <Move>52</Move>
    <Id>44A</Id>
    <Act>1</Act>
    <Scene>12</Scene>
    <Page>INTERVAL</Page>
    <Title>INTERMISSION</Title>
    <Cue>end of Act 1 Finale song</Cue>
    <CueType>Stage</CueType>
    <Entrances />
    <Exits />
    <On_Stage />
    <Note_1 />
    <Note_2 />
    <Note_3 />
</cue>
<cue num="053">
    <Move>53</Move>
    <Id>45A</Id>
    <Act>2</Act>
    <Scene> 1</Scene>
    <Page>45</Page>
    <Title>Act 2 "Milk of Human Kindness"</Title>
    <Cue>Lights up</Cue>
    <CueType>Stage</CueType>
    <Entrances>ch10 </Entrances>
    <Exits />
    <On_Stage>ch10 </On_Stage>
    <Note_1 />
    <Note_2 />
    <Note_3 />
</cue>
<cue num="054">
    <Move>54</Move>
    <Id>46A</Id>
    <Act>2</Act>
    <Scene> 1</Scene>
    <Page>46</Page>
    <Title>Scrooge sings</Title>
    <Cue>"Cheers!" others exit</Cue>
    <CueType>Stage</CueType>
    <Entrances>ch1 </Entrances>
    <Exits>ch10 </Exits>
    <On_Stage>ch1 </On_Stage>
    <Note_1 />
    <Note_2 />
    <Note_3 />
</cue>
<cue num="055">
    <Move>55</Move>
    <Id>47A</Id>
    <Act>2</Act>
    <Scene> 2</Scene>
    <Page>47</Page>
    <Title>scene 1 continued</Title>
    <Cue>Present snaps fingers/lights u</Cue>
    <CueType>Stage</CueType>
    <Entrances>Ghost of Present (Lindsey Hagerstrom)</Entrances>
    <Exits />
    <On_Stage>ch1 , Ghost of Present (Lindsey Hagerstrom)</On_Stage>
    <Note_1 />
    <Note_2 />
    <Note_3 />
</cue>
<cue num="056">
    <Move>56</Move>
    <Id>47B</Id>
    <Act>2</Act>
    <Scene> 2</Scene>
    <Page>47</Page>
    <Title>Scene Change</Title>
    <Cue>"See things as they really are</Cue>
    <CueType>Stage</CueType>
    <Entrances />
    <Exits>ch1 , Ghost of Present (Lindsey Hagerstrom)</Exits>
    <On_Stage />
    <Note_1 />
    <Note_2 />
    <Note_3 />
</cue>
<cue num="057">
    <Move>57</Move>
    <Id>47C</Id>
    <Act>2</Act>
    <Scene> 2</Scene>
    <Page>47</Page>
    <Title>The Cratchits</Title>
    <Cue>Lights up</Cue>
    <CueType>Stage</CueType>
    <Entrances>ch2 , ch11 , Martha Cratchit (Olivia Cashman)</Entrances>
    <Exits />
    <On_Stage>ch2 , ch11 , Martha Cratchit (Olivia Cashman)</On_Stage>
    <Note_1 />
    <Note_2 />
    <Note_3 />
</cue>
<cue num="058">
    <Move>58</Move>
    <Id>48A</Id>
    <Act>2</Act>
    <Scene> 2</Scene>
    <Page>48</Page>
    <Title>ch3 and Kathy return</Title>
    <Cue>"don't suppose it much matters</Cue>
    <CueType>Stage</CueType>
    <Entrances>ch1 , ch4 , ch3 , Ghost of Present (Lindsey Hagerstrom)</Entrances>
    <Exits>Martha Cratchit (Olivia Cashman)</Exits>
    <On_Stage>ch1 , ch2 , ch11 , ch4 , ch3 , Ghost of Present (Lindsey Hagerstrom)</On_Stage>
    <Note_1 />
    <Note_2 />
    <Note_3 />
</cue>
<cue num="059">
    <Move>59</Move>
    <Id>50A</Id>
    <Act>2</Act>
    <Scene> 2</Scene>
    <Page>50</Page>
    <Title>"The Beautiful Day"</Title>
    <Cue>"song from young ch3"</Cue>
    <CueType>Stage</CueType>
    <Entrances />
    <Exits>ch1 , ch2 , ch11 , ch4 , Ghost of Present (Lindsey Hagerstrom)</Exits>
    <On_Stage>ch3 </On_Stage>
    <Note_1 />
    <Note_2 />
    <Note_3 />
</cue>
<cue num="060">
    <Move>60</Move>
    <Id>50B</Id>
    <Act>2</Act>
    <Scene> 2</Scene>
    <Page>50</Page>
    <Title>end of "Beautiful Day"</Title>
    <Cue>"Would be here and now."</Cue>
    <CueType>Stage</CueType>
    <Entrances>ch1 , Ghost of Present (Lindsey Hagerstrom)</Entrances>
    <Exits>ch3 </Exits>
    <On_Stage>ch1 , Ghost of Present (Lindsey Hagerstrom)</On_Stage>
    <Note_1 />
    <Note_2 />
    <Note_3 />
</cue>
<cue num="061">
    <Move>61</Move>
    <Id>52A</Id>
    <Act>2</Act>
    <Scene> 2</Scene>
    <Page>52</Page>
    <Title>Cratchits sing</Title>
    <Cue>"the surplus population!"</Cue>
    <CueType>Stage</CueType>
    <Entrances>ch2 , ch11 , ch4 , Martha Cratchit (Olivia Cashman), ch3 </Entrances>
    <Exits />
    <On_Stage>ch1 , ch2 , ch11 , ch4 , Martha Cratchit (Olivia Cashman), ch3 , Ghost of Present (Lindsey Hagerstrom)</On_Stage>
    <Note_1 />
    <Note_2 />
    <Note_3 />
</cue>
<cue num="062">
    <Move>62</Move>
    <Id>52B</Id>
    <Act>2</Act>
    <Scene> 2</Scene>
    <Page>52</Page>
    <Title>scene continues</Title>
    <Cue>"would be here and now..."</Cue>
    <CueType>Stage</CueType>
    <Entrances />
    <Exits>ch2 , ch11 , ch4 , Martha Cratchit (Olivia Cashman), ch3 </Exits>
    <On_Stage>ch1 , Ghost of Present (Lindsey Hagerstrom)</On_Stage>
    <Note_1 />
    <Note_2 />
    <Note_3 />
</cue>
<cue num="063">
    <Move>63</Move>
    <Id>52C</Id>
    <Act>2</Act>
    <Scene> 2</Scene>
    <Page>52</Page>
    <Title>Scene change</Title>
    <Cue>"One last call to make."</Cue>
    <CueType>Stage</CueType>
    <Entrances />
    <Exits>ch1 , Ghost of Present (Lindsey Hagerstrom)</Exits>
    <On_Stage />
    <Note_1 />
    <Note_2 />
    <Note_3 />
</cue>
<cue num="064">
    <Move>64</Move>
    <Id>52D</Id>
    <Act>2</Act>
    <Scene> 2</Scene>
    <Page>52</Page>
    <Title>Scene 3</Title>
    <Cue>Lights up</Cue>
    <CueType>Stage</CueType>
    <Entrances>ch1 , ch9 , ch17 , Ghost of Present (Lindsey Hagerstrom), Topper (Joe Guzman)</Entrances>
    <Exits />
    <On_Stage>ch1 , ch9 , ch17 , Ghost of Present (Lindsey Hagerstrom), Topper (Joe Guzman)</On_Stage>
    <Note_1 />
    <Note_2 />
    <Note_3 />
</cue>
<cue num="065">
    <Move>65</Move>
    <Id>54A</Id>
    <Act>2</Act>
    <Scene> 3</Scene>
    <Page>54</Page>
    <Title>add guests "The Ministers Cat"</Title>
    <Cue>"free with other people's mone</Cue>
    <CueType>Stage</CueType>
    <Entrances>Mary (Lindsay Murch), Lizzi , Lucy (Kacie Leach), Stuart (Malachi Cohen), Charles (Zack Dean), Sarah (Cassidy White)</Entrances>
    <Exits />
    <On_Stage>ch1 , ch9 , ch17 , Ghost of Present (Lindsey Hagerstrom), Topper (Joe Guzman), Mary (Lindsay Murch), Lizzi , Lucy (Kacie Leach), Stuart (Malachi Cohen), Charles (Zack Dean), Sarah (Cassidy White)</On_Stage>
    <Note_1 />
    <Note_2 />
    <Note_3 />
</cue>
<cue num="066">
    <Move>66</Move>
    <Id>57A</Id>
    <Act>2</Act>
    <Scene> 3</Scene>
    <Page>57</Page>
    <Title>end of "The Ministers Cat"</Title>
    <Cue>end of song</Cue>
    <CueType>Stage</CueType>
    <Entrances />
    <Exits>ch17 , Lizzi , Lucy (Kacie Leach), Stuart (Malachi Cohen), Charles (Zack Dean), Sarah (Cassidy White)</Exits>
    <On_Stage>ch1 , ch9 , Ghost of Present (Lindsey Hagerstrom), Topper (Joe Guzman), Mary (Lindsay Murch)</On_Stage>
    <Note_1 />
    <Note_2 />
    <Note_3 />
</cue>
<cue num="067">
    <Move>67</Move>
    <Id>58A</Id>
    <Act>2</Act>
    <Scene> 4</Scene>
    <Page>58</Page>
    <Title>end of scene/Scene change</Title>
    <Cue>lights down</Cue>
    <CueType>Stage</CueType>
    <Entrances />
    <Exits>ch1 , ch9 , Ghost of Present (Lindsey Hagerstrom), Topper (Joe Guzman), Mary (Lindsay Murch)</Exits>
    <On_Stage />
    <Note_1 />
    <Note_2 />
    <Note_3 />
</cue>
<cue num="068">
    <Move>68</Move>
    <Id>58B</Id>
    <Act>2</Act>
    <Scene> 4</Scene>
    <Page>58</Page>
    <Title>Scene 4</Title>
    <Cue>lights up, music cue</Cue>
    <CueType>Stage</CueType>
    <Entrances>ch1 , Ghost of Present (Lindsey Hagerstrom)</Entrances>
    <Exits />
    <On_Stage>ch1 , Ghost of Present (Lindsey Hagerstrom)</On_Stage>
    <Note_1 />
    <Note_2 />
    <Note_3 />
</cue>
<cue num="069">
    <Move>69</Move>
    <Id>59A</Id>
    <Act>2</Act>
    <Scene> 4</Scene>
    <Page>59</Page>
    <Title>"A Better Life"</Title>
    <Cue>"I can't see..."</Cue>
    <CueType>Stage</CueType>
    <Entrances />
    <Exits>Ghost of Present (Lindsey Hagerstrom)</Exits>
    <On_Stage>ch1 </On_Stage>
    <Note_1 />
    <Note_2 />
    <Note_3 />
</cue>
<cue num="070">
    <Move>70</Move>
    <Id>60A</Id>
    <Act>2</Act>
    <Scene> 4</Scene>
    <Page>60</Page>
    <Title>Voices of memories</Title>
    <Cue>"and learn to live it well?"</Cue>
    <CueType>Stage</CueType>
    <Entrances>ch2 ,ch24, Isabel (Ellie Sacco)</Entrances>
    <Exits />
    <On_Stage>ch1 , ch2 ,ch24, Isabel (Ellie Sacco)</On_Stage>
    <Note_1 />
    <Note_2 />
    <Note_3 />
</cue>
<cue num="071">
    <Move>71</Move>
    <Id>60B</Id>
    <Act>2</Act>
    <Scene> 4</Scene>
    <Page>60</Page>
    <Title>song continues</Title>
    <Cue>"those you cherish."</Cue>
    <CueType>Stage</CueType>
    <Entrances />
    <Exits>ch2 ,ch24, Isabel (Ellie Sacco)</Exits>
    <On_Stage>ch1 </On_Stage>
    <Note_1 />
    <Note_2 />
    <Note_3 />
</cue>
<cue num="072">
    <Move>72</Move>
    <Id>60C</Id>
    <Act>2</Act>
    <Scene> 4</Scene>
    <Page>60</Page>
    <Title>SOUND FX - chime 3 o'clock</Title>
    <Cue>"A Better Life" song ends</Cue>
    <CueType>Stage</CueType>
    <Entrances>ch32</Entrances>
    <Exits />
    <On_Stage>ch1 , ch32</On_Stage>
    <Note_1 />
    <Note_2 />
    <Note_3 />
</cue>
<cue num="073">
    <Move>73</Move>
    <Id>60D</Id>
    <Act>2</Act>
    <Scene> 4</Scene>
    <Page>60</Page>
    <Title>Ghost of Future</Title>
    <Cue>end of church chimes</Cue>
    <CueType>Stage</CueType>
    <Entrances />
    <Exits />
    <On_Stage>ch1 , ch32</On_Stage>
    <Note_1 />
    <Note_2 />
    <Note_3 />
</cue>
<cue num="074">
    <Move>74</Move>
    <Id>61A</Id>
    <Act>2</Act>
    <Scene> 5</Scene>
    <Page>61</Page>
    <Title>SOUND FX - thunder, lightening</Title>
    <Cue>"Lead on, Spirit, lead on!"</Cue>
    <CueType>Stage</CueType>
    <Entrances />
    <Exits />
    <On_Stage>ch1 , ch32</On_Stage>
    <Note_1 />
    <Note_2 />
    <Note_3 />
</cue>
<cue num="075">
    <Move>75</Move>
    <Id>61B</Id>
    <Act>2</Act>
    <Scene> 5</Scene>
    <Page>61</Page>
    <Title>end of scene</Title>
    <Cue>black out</Cue>
    <CueType>Stage</CueType>
    <Entrances />
    <Exits>ch1 , ch32</Exits>
    <On_Stage />
    <Note_1 />
    <Note_2 />
    <Note_3 />
</cue>
<cue num="076">
    <Move>76</Move>
    <Id>61C</Id>
    <Act>2</Act>
    <Scene> 5</Scene>
    <Page>61</Page>
    <Title>Scene 5</Title>
    <Cue>Lights up</Cue>
    <CueType>Stage</CueType>
    <Entrances>ch1 , ch10 </Entrances>
    <Exits />
    <On_Stage>ch1 , ch10 </On_Stage>
    <Note_1 />
    <Note_2 />
    <Note_3 />
</cue>
<cue num="077">
    <Move>77</Move>
    <Id>62A</Id>
    <Act>2</Act>
    <Scene> 5</Scene>
    <Page>62</Page>
    <Title>"Thank You Very Much"</Title>
    <Cue>"And I am the cause?"</Cue>
    <CueType>Stage</CueType>
    <Entrances />
    <Exits>ch1 </Exits>
    <On_Stage>ch10 </On_Stage>
    <Note_1 />
    <Note_2 />
    <Note_3 />
</cue>
<cue num="078">
    <Move>78</Move>
    <Id>63A</Id>
    <Act>2</Act>
    <Scene> 5</Scene>
    <Page>63</Page>
    <Title>Scrooge sings</Title>
    <Cue>Tom rips book apart</Cue>
    <CueType>Stage</CueType>
    <Entrances>ch1 </Entrances>
    <Exits>ch10 </Exits>
    <On_Stage>ch1 </On_Stage>
    <Note_1 />
    <Note_2 />
    <Note_3 />
</cue>
<cue num="079">
    <Move>79</Move>
    <Id>63B</Id>
    <Act>2</Act>
    <Scene> 5</Scene>
    <Page>63</Page>
    <Title>Tom re joins</Title>
    <Cue>coffin enters stage</Cue>
    <CueType>Stage</CueType>
    <Entrances>ch10 </Entrances>
    <Exits />
    <On_Stage>ch1 , ch10 </On_Stage>
    <Note_1 />
    <Note_2 />
    <Note_3 />
</cue>
<cue num="080">
    <Move>80</Move>
    <Id>65A</Id>
    <Act>2</Act>
    <Scene> 6</Scene>
    <Page>65</Page>
    <Title>end of "Thank You Very Much"</Title>
    <Cue>song ends</Cue>
    <CueType>Stage</CueType>
    <Entrances />
    <Exits>ch10 </Exits>
    <On_Stage>ch1 </On_Stage>
    <Note_1 />
    <Note_2 />
    <Note_3 />
</cue>
<cue num="081">
    <Move>81</Move>
    <Id>65B</Id>
    <Act>2</Act>
    <Scene> 6</Scene>
    <Page>65</Page>
    <Title>end of scene</Title>
    <Cue>"May I go home now?"</Cue>
    <CueType>Stage</CueType>
    <Entrances />
    <Exits>ch1 </Exits>
    <On_Stage />
    <Note_1 />
    <Note_2 />
    <Note_3 />
</cue>
<cue num="082">
    <Move>82</Move>
    <Id>65C</Id>
    <Act>2</Act>
    <Scene> 6</Scene>
    <Page>65</Page>
    <Title>Scene 6</Title>
    <Cue>Lights up on Cratchits</Cue>
    <CueType>Stage</CueType>
    <Entrances>ch1 , ch11 , ch4 </Entrances>
    <Exits />
    <On_Stage>ch1 , ch11 , ch4 </On_Stage>
    <Note_1 />
    <Note_2 />
    <Note_3 />
</cue>
<cue num="083">
    <Move>83</Move>
    <Id>66A</Id>
    <Act>2</Act>
    <Scene> 7</Scene>
    <Page>66</Page>
    <Title>Scene 7</Title>
    <Cue>Lights up on graveyard</Cue>
    <CueType>Stage</CueType>
    <Entrances>ch2 , ch3 </Entrances>
    <Exits>ch1 , ch11 , ch4 </Exits>
    <On_Stage>ch2 , ch3 </On_Stage>
    <Note_1 />
    <Note_2 />
    <Note_3 />
</cue>
<cue num="084">
    <Move>84</Move>
    <Id>67A</Id>
    <Act>2</Act>
    <Scene> 7</Scene>
    <Page>67</Page>
    <Title>Scrooge replies</Title>
    <Cue>ch2 Exits</Cue>
    <CueType>Stage</CueType>
    <Entrances>ch1 </Entrances>
    <Exits>ch2 , ch3 </Exits>
    <On_Stage>ch1 </On_Stage>
    <Note_1 />
    <Note_2 />
    <Note_3 />
</cue>
<cue num="085">
    <Move>85</Move>
    <Id>68A</Id>
    <Act>2</Act>
    <Scene> 8</Scene>
    <Page>68</Page>
    <Title>Marley reappears</Title>
    <Cue>"writing on this dreaded stone</Cue>
    <CueType>Stage</CueType>
    <Entrances>ch19 </Entrances>
    <Exits />
    <On_Stage>ch1 , ch19 </On_Stage>
    <Note_1 />
    <Note_2 />
    <Note_3 />
</cue>
<cue num="086">
    <Move>86</Move>
    <Id>68B</Id>
    <Act>2</Act>
    <Scene> 8</Scene>
    <Page>68</Page>
    <Title>SOUND FX - banshee wail</Title>
    <Cue>"Spirit, help me!"</Cue>
    <CueType>Stage</CueType>
    <Entrances>ch32</Entrances>
    <Exits>ch19 </Exits>
    <On_Stage>ch1 , ch32</On_Stage>
    <Note_1 />
    <Note_2 />
    <Note_3 />
</cue>
<cue num="087">
    <Move>87</Move>
    <Id>68B</Id>
    <Act>2</Act>
    <Scene> 8</Scene>
    <Page>68</Page>
    <Title>Scene 8 "I'll Begin Again"</Title>
    <Cue>black out/lights up</Cue>
    <CueType>Stage</CueType>
    <Entrances />
    <Exits>ch32</Exits>
    <On_Stage>ch1 </On_Stage>
    <Note_1 />
    <Note_2 />
    <Note_3 />
</cue>
<cue num="088">
    <Move>88</Move>
    <Id>70A</Id>
    <Act>2</Act>
    <Scene> 9</Scene>
    <Page>70</Page>
    <Title>SOUND FX - chimes 9 o'clock</Title>
    <Cue>"I'll begin again!"</Cue>
    <CueType>Stage</CueType>
    <Entrances>ch32</Entrances>
    <Exits />
    <On_Stage>ch1 , ch32</On_Stage>
    <Note_1 />
    <Note_2 />
    <Note_3 />
</cue>
<cue num="089">
    <Move>89</Move>
    <Id>70B</Id>
    <Act>2</Act>
    <Scene> 9</Scene>
    <Page>70</Page>
    <Title>Scene Change</Title>
    <Cue>end of FX, Scrooge to exit</Cue>
    <CueType>Stage</CueType>
    <Entrances />
    <Exits>ch1 , ch32</Exits>
    <On_Stage />
    <Note_1 />
    <Note_2 />
    <Note_3 />
</cue>
<cue num="090">
    <Move>90</Move>
    <Id>70C</Id>
    <Act>2</Act>
    <Scene> 9</Scene>
    <Page>70</Page>
    <Title>Scene 9</Title>
    <Cue>Set finished turning</Cue>
    <CueType>Stage</CueType>
    <Entrances>ch1 , ch18 </Entrances>
    <Exits />
    <On_Stage>ch1 , ch18 </On_Stage>
    <Note_1 />
    <Note_2 />
    <Note_3 />
</cue>
<cue num="091">
    <Move>91</Move>
    <Id>71A</Id>
    <Act>2</Act>
    <Scene> 9</Scene>
    <Page>71</Page>
    <Title>Toy Shop</Title>
    <Cue>"I'm going to like children!"</Cue>
    <CueType>Stage</CueType>
    <Entrances>ch13 </Entrances>
    <Exits>ch18 </Exits>
    <On_Stage>ch1 , ch13 </On_Stage>
    <Note_1 />
    <Note_2 />
    <Note_3 />
</cue>
<cue num="092">
    <Move>92</Move>
    <Id>72A</Id>
    <Act>2</Act>
    <Scene> 9</Scene>
    <Page>72</Page>
    <Title>Toy shop cont.</Title>
    <Cue>"will receive half a crown!"</Cue>
    <CueType>Stage</CueType>
    <Entrances>ch15 </Entrances>
    <Exits />
    <On_Stage>ch1 , ch15 , ch13 </On_Stage>
    <Note_1 />
    <Note_2 />
    <Note_3 />
</cue>
<cue num="093">
    <Move>93</Move>
    <Id>72B</Id>
    <Act>2</Act>
    <Scene> 9</Scene>
    <Page>72</Page>
    <Title>The Butcher</Title>
    <Cue>"Yes, Mr. Scrooge!"</Cue>
    <CueType>Stage</CueType>
    <Entrances>ch14 </Entrances>
    <Exits>ch15 , ch13 </Exits>
    <On_Stage>ch1 , ch14 </On_Stage>
    <Note_1 />
    <Note_2 />
    <Note_3 />
</cue>
<cue num="094">
    <Move>94</Move>
    <Id>72C</Id>
    <Act>2</Act>
    <Scene> 9</Scene>
    <Page>72</Page>
    <Title>"Finale Act 2"</Title>
    <Cue>"That was old Scrooge, wasn't</Cue>
    <CueType>Stage</CueType>
    <Entrances />
    <Exits>ch14 </Exits>
    <On_Stage>ch1 </On_Stage>
    <Note_1 />
    <Note_2 />
    <Note_3 />
</cue>
<cue num="095">
    <Move>95</Move>
    <Id>73A</Id>
    <Act>2</Act>
    <Scene> 9</Scene>
    <Page>73</Page>
    <Title>ch7 and ch8</Title>
    <Cue>"I deny not!"</Cue>
    <CueType>Stage</CueType>
    <Entrances>ch7 , ch8 </Entrances>
    <Exits />
    <On_Stage>ch1 , ch7 , ch8 </On_Stage>
    <Note_1 />
    <Note_2 />
    <Note_3 />
</cue>
<cue num="096">
    <Move>96</Move>
    <Id>73B</Id>
    <Act>2</Act>
    <Scene> 9</Scene>
    <Page>73</Page>
    <Title>Solos</Title>
    <Cue>"Excuse me!"</Cue>
    <CueType>Stage</CueType>
    <Entrances>ch13 , ch14 </Entrances>
    <Exits>ch1 , ch8 </Exits>
    <On_Stage>ch13 , ch7 , ch14 </On_Stage>
    <Note_1 />
    <Note_2 />
    <Note_3 />
</cue>
<cue num="097">
    <Move>97</Move>
    <Id>73C</Id>
    <Act>2</Act>
    <Scene> 9</Scene>
    <Page>73</Page>
    <Title>Scrooge sings</Title>
    <Cue>"I don't believe it!"</Cue>
    <CueType>Stage</CueType>
    <Entrances>ch1 </Entrances>
    <Exits>ch13 , ch7 , ch14 </Exits>
    <On_Stage>ch1 </On_Stage>
    <Note_1 />
    <Note_2 />
    <Note_3 />
</cue>
<cue num="098">
    <Move>98</Move>
    <Id>74A</Id>
    <Act>2</Act>
    <Scene> 9</Scene>
    <Page>74</Page>
    <Title>Company sings</Title>
    <Cue>Scrooge exits</Cue>
    <CueType>Stage</CueType>
    <Entrances />
    <Exits>ch1 </Exits>
    <On_Stage />
    <Note_1 />
    <Note_2 />
    <Note_3 />
</cue>
<cue num="099">
    <Move>99</Move>
    <Id>74B</Id>
    <Act>2</Act>
    <Scene> 9</Scene>
    <Page>74</Page>
    <Title>Cratchit's House</Title>
    <Cue>Cratchit House Revolves</Cue>
    <CueType>Stage</CueType>
    <Entrances>ch1 , ch2 , ch11 , ch4 , ch12 , ch3 </Entrances>
    <Exits />
    <On_Stage>ch1 , ch2 , ch11 , ch4 , ch12 , ch3 </On_Stage>
    <Note_1 />
    <Note_2 />
    <Note_3 />
</cue>
<cue num="100">
    <Move>100</Move>
    <Id>76A</Id>
    <Act>2</Act>
    <Scene>11</Scene>
    <Page>76</Page>
    <Title>Scene 11</Title>
    <Cue>"God Bless us, Every one!"</Cue>
    <CueType>Stage</CueType>
    <Entrances />
    <Exits>ch1 , ch2 , ch11 , ch4 , ch12 , ch3 </Exits>
    <On_Stage />
    <Note_1 />
    <Note_2 />
    <Note_3 />
</cue>
<cue num="101">
    <Move>101</Move>
    <Id>77A</Id>
    <Act>2</Act>
    <Scene>11</Scene>
    <Page>77</Page>
    <Title>Scrooge and Tom</Title>
    <Cue>"That's 'ow' Christmas oughta</Cue>
    <CueType>Stage</CueType>
    <Entrances>ch1 , ch10 </Entrances>
    <Exits />
    <On_Stage>ch1 , ch10 </On_Stage>
    <Note_1 />
    <Note_2 />
    <Note_3 />
</cue>
<cue num="102">
    <Move>102</Move>
    <Id>78A</Id>
    <Act>2</Act>
    <Scene>11</Scene>
    <Page>78</Page>
    <Title>Punch and Judy Man</Title>
    <Cue>Scrooge hands her coins</Cue>
    <CueType>Stage</CueType>
    <Entrances>ch5 , ch6 , ch16 </Entrances>
    <Exits>ch10 </Exits>
    <On_Stage>ch1 , ch5 , ch6 , ch16 </On_Stage>
    <Note_1 />
    <Note_2 />
    <Note_3 />
</cue>
<cue num="103">
    <Move>103</Move>
    <Id>78B</Id>
    <Act>2</Act>
    <Scene>11</Scene>
    <Page>78</Page>
    <Title>Nephew Fred's</Title>
    <Cue>"future would be fun for me!"</Cue>
    <CueType>Stage</CueType>
    <Entrances>ch9 , ch17 </Entrances>
    <Exits>ch5 , ch6 , ch16 </Exits>
    <On_Stage>ch1 , ch9 , ch17 </On_Stage>
    <Note_1 />
    <Note_2 />
    <Note_3 />
</cue>
<cue num="104">
    <Move>104</Move>
    <Id>78C</Id>
    <Act>2</Act>
    <Scene>11</Scene>
    <Page>78</Page>
    <Title>Ensemble singing</Title>
    <Cue>Is wherever love wants it to b</Cue>
    <CueType>Stage</CueType>
    <Entrances />
    <Exits>ch1 , ch9 , ch17 </Exits>
    <On_Stage />
    <Note_1 />
    <Note_2 />
    <Note_3 />
</cue>
<cue num="105">
    <Move>105</Move>
    <Id>80A</Id>
    <Act>2</Act>
    <Scene>11</Scene>
    <Page>80</Page>
    <Title>23a "I'll Begin Again" Reprise</Title>
    <Cue>Thank you very, very, very...</Cue>
    <CueType>Stage</CueType>
    <Entrances>ch1 </Entrances>
    <Exits />
    <On_Stage>ch1 </On_Stage>
    <Note_1 />
    <Note_2 />
    <Note_3 />
</cue>
<cue num="106">
    <Move>106</Move>
    <Id>80B</Id>
    <Act>2</Act>
    <Scene>11</Scene>
    <Page>80</Page>
    <Title>Curtain Call</Title>
    <Cue>Black out</Cue>
    <CueType>Stage</CueType>
    <Entrances />
    <Exits>ch1 </Exits>
    <On_Stage />
    <Note_1 />
    <Note_2 />
    <Note_3 />
</cue>
</show>